Date, Price
Nov 25, 2016:19.84
Nov 23, 2016;19.58
Nov 22, 2016;19.75
Nov 21, 2016;20.35
Nov 18, 2016;20.15
Nov 17, 2016;20.22
Nov 16, 2016;20.36
Nov 15, 2016;21.15
Nov 14, 2016;21.63
Nov 11, 2016;21.70
Nov 10, 2016;21.65
Nov 09, 2016;22.11
Nov 08, 2016;21.97
Nov 07, 2016;22.27
Nov 04, 2016;21.73
Nov 03, 2016;21.48
Nov 02, 2016;21.70
Nov 01, 2016;21.19
Oct 31, 2016;21.57
Oct 28, 2016;22.16
Oct 27, 2016;22.59
Oct 26, 2016;22.67
Oct 25, 2016;22.93
Oct 24, 2016;23.20
Oct 21, 2016;22.71
Oct 20, 2016;22.62
Oct 19, 2016;22.95
Oct 18, 2016;23.02
Oct 17, 2016;23.16
Oct 14, 2016;22.91
Oct 13, 2016;22.92
Oct 12, 2016;23.15
Oct 11, 2016;23.29
Oct 10, 2016;23.13
Oct 07, 2016;23.42
Oct 06, 2016;23.11
Oct 05, 2016;23.81
Oct 04, 2016;23.26
Oct 03, 2016;22.67
Sep 30, 2016;22.53
Sep 29, 2016;22.76
Sep 28, 2016;23.27
Sep 27, 2016;23.02
Sep 26, 2016;22.54
Sep 23, 2016;22.13
Sep 22, 2016;22.17
Sep 21, 2016;22.20
Sep 20, 2016;22.13
Sep 19, 2016;22.10
Sep 16, 2016;21.78
Sep 15, 2016;20.48
Sep 14, 2016;20.13
Sep 13, 2016;20.43
Sep 12, 2016;20.24
Sep 09, 2016;19.99
Sep 08, 2016;20.22
Sep 07, 2016;20.29
Sep 06, 2016;20.22
Sep 02, 2016;20.18
Sep 01, 2016;19.59
Aug 31, 2016;20.06
Aug 30, 2016;20.52
Aug 29, 2016;20.67
Aug 26, 2016;20.61
Aug 25, 2016;20.55
Aug 24, 2016;20.22
Aug 23, 2016;20.73
Aug 22, 2016;20.42
Aug 19, 2016;19.77
Aug 18, 2016;19.98
Aug 17, 2016;19.72
Aug 16, 2016;20.26
Aug 15, 2016;19.98
Aug 12, 2016;19.71
Aug 11, 2016;19.60
Aug 10, 2016;19.64
Aug 09, 2016;20.39
Aug 08, 2016;20.55
Aug 05, 2016;20.35
Aug 04, 2016;19.70
Aug 03, 2016;19.04
Aug 02, 2016;19.05
Aug 01, 2016;18.81
Jul 29, 2016;19.05
Jul 28, 2016;18.80
Jul 27, 2016;19.10
Jul 26, 2016;19.52
Jul 25, 2016;19.89
Jul 22, 2016;19.59
Jul 21, 2016;19.56
Jul 20, 2016;19.28
Jul 19, 2016;19.36
Jul 18, 2016;19.37
Jul 15, 2016;19.31
Jul 14, 2016;19.91
Jul 13, 2016;19.48
Jul 12, 2016;19.72
Jul 11, 2016;20.28
Jul 08, 2016;19.57
Jul 07, 2016;19.73
Jul 06, 2016;20.57
Jul 05, 2016;20.87
Jul 01, 2016;20.78
Jun 30, 2016;20.15
Jun 29, 2016;20.82
Jun 28, 2016;19.81
Jun 27, 2016;19.48
Jun 24, 2016;19.00
Jun 23, 2016;19.04
Jun 22, 2016;19.04
Jun 21, 2016;19.24
Jun 20, 2016;19.69
Jun 17, 2016;19.76
Jun 16, 2016;19.68
Jun 15, 2016;19.76
Jun 14, 2016;19.34
Jun 13, 2016;19.54
Jun 10, 2016;19.70
Jun 09, 2016;19.74
Jun 08, 2016;19.61
Jun 07, 2016;19.00
Jun 06, 2016;18.78
Jun 03, 2016;18.75
Jun 02, 2016;18.08
Jun 01, 2016;17.41
May 31, 2016;17.49
May 27, 2016;17.52
May 26, 2016;17.42
May 25, 2016;17.16
May 24, 2016;16.61
May 23, 2016;16.80
May 20, 2016;17.07
May 19, 2016;16.70
May 18, 2016;16.81
May 17, 2016;16.82
May 16, 2016;16.89
May 13, 2016;16.74
May 12, 2016;16.98
May 11, 2016;16.77
May 10, 2016;16.02
May 09, 2016;15.88
May 06, 2016;15.74
May 05, 2016;15.84
May 04, 2016;16.65
May 03, 2016;16.25
May 02, 2016;16.21
Apr 29, 2016;16.16
Apr 28, 2016;15.32
Apr 27, 2016;15.55
Apr 26, 2016;15.77
Apr 25, 2016;15.63
Apr 22, 2016;15.26
Apr 21, 2016;15.58
Apr 20, 2016;15.57
Apr 19, 2016;15.17
Apr 18, 2016;15.35
Apr 15, 2016;15.04
Apr 14, 2016;14.13
Apr 13, 2016;14.01
Apr 12, 2016;14.07
Apr 11, 2016;14.15
Apr 08, 2016;14.69
Apr 07, 2016;14.43
Apr 06, 2016;14.62
Apr 05, 2016;14.64
Apr 04, 2016;14.64
Apr 01, 2016;15.18
Mar 31, 2016;15.35
Mar 30, 2016;15.87
Mar 29, 2016;15.86
Mar 28, 2016;15.94
Mar 24, 2016;15.87
Mar 23, 2016;16.71
Mar 22, 2016;16.58
Mar 21, 2016;16.29
Mar 18, 2016;15.97
Mar 17, 2016;15.99
Mar 16, 2016;15.47
Mar 15, 2016;15.32
Mar 14, 2016;15.42
Mar 11, 2016;15.13
Mar 10, 2016;14.82
Mar 09, 2016;14.63
Mar 08, 2016;14.86
Mar 07, 2016;14.66
Mar 04, 2016;14.83
Mar 03, 2016;14.84
Mar 02, 2016;14.67
Mar 01, 2016;14.39
Feb 29, 2016;14.56
Feb 26, 2016;13.91
Feb 25, 2016;14.24
Feb 24, 2016;13.97
Feb 23, 2016;14.00
Feb 22, 2016;12.61
Feb 19, 2016;12.52
Feb 18, 2016;12.78
Feb 17, 2016;13.16
Feb 16, 2016;13.22
Feb 12, 2016;13.15
Feb 11, 2016;13.07
Feb 10, 2016;13.38
Feb 09, 2016;13.39
Feb 08, 2016;13.45
Feb 05, 2016;13.27
Feb 04, 2016;12.89
Feb 03, 2016;12.89
Feb 02, 2016;12.99
Feb 01, 2016;12.83
Jan 29, 2016;13.14
Jan 28, 2016;13.25
Jan 27, 2016;13.58
Jan 26, 2016;14.02
Jan 25, 2016;14.10
Jan 22, 2016;14.42
Jan 21, 2016;14.45
Jan 20, 2016;14.18
Jan 19, 2016;14.75
Jan 17, 2016;14.85
Jan 15, 2016;14.92
Jan 14, 2016;14.88
Jan 13, 2016;14.47
Jan 12, 2016;14.05
Jan 11, 2016;14.15
Jan 08, 2016;14.46
Jan 07, 2016;14.75
Jan 06, 2016;14.42
Jan 05, 2016;14.57
Jan 04, 2016;14.97
Dec 31, 2015;15.24
Dec 30, 2015;15.15
Dec 29, 2015;14.78
Dec 28, 2015;14.76
Dec 27, 2015;15.05
Dec 24, 2015;15.06
Dec 23, 2015;15.15
Dec 22, 2015;15.04
Dec 21, 2015;14.97
Dec 18, 2015;15.10
Dec 17, 2015;14.70
Dec 16, 2015;14.59
Dec 15, 2015;14.59
Dec 14, 2015;14.51
Dec 11, 2015;14.58
Dec 10, 2015;14.55
Dec 09, 2015;15.09
Dec 08, 2015;15.00
Dec 07, 2015;15.30
Dec 04, 2015;15.48
Dec 03, 2015;15.58
Dec 02, 2015;15.34
Dec 01, 2015;15.44
Nov 30, 2015;14.93
Nov 27, 2015;14.97
Nov 25, 2015;14.91
Nov 24, 2015;15.00
Nov 23, 2015;15.41
Nov 20, 2015;15.30
Nov 19, 2015;14.95
Nov 18, 2015;14.47
Nov 17, 2015;14.78
Nov 16, 2015;15.18
Nov 13, 2015;15.04
Nov 12, 2015;14.97
Nov 11, 2015;14.69
Nov 10, 2015;14.71
Nov 09, 2015;13.99
Nov 06, 2015;14.46
Nov 05, 2015;14.76
Nov 04, 2015;14.64
Nov 03, 2015;15.49
Nov 02, 2015;15.11
Oct 30, 2015;14.52
Oct 29, 2015;14.56
Oct 28, 2015;14.65
Oct 27, 2015;14.42
Oct 26, 2015;14.64
Oct 23, 2015;14.28
Oct 22, 2015;14.60
Oct 21, 2015;14.18
Oct 20, 2015;14.06
Oct 19, 2015;14.26
Oct 16, 2015;14.27
Oct 15, 2015;14.13
Oct 14, 2015;14.09
Oct 13, 2015;13.83
Oct 12, 2015;14.24
Oct 09, 2015;14.34
Oct 08, 2015;14.01
Oct 07, 2015;13.98
Oct 06, 2015;13.63
Oct 05, 2015;13.64
Oct 02, 2015;13.53
Oct 01, 2015;13.26
Sep 30, 2015;12.17
Sep 29, 2015;11.76
Sep 28, 2015;11.75
Sep 25, 2015;11.74
Sep 24, 2015;11.19
Sep 23, 2015;10.95
Sep 22, 2015;10.88
Sep 21, 2015;10.93
Sep 18, 2015;10.96
Sep 17, 2015;11.44
Sep 16, 2015;11.47
Sep 15, 2015;11.40
Sep 14, 2015;11.50
Sep 11, 2015;11.66
Sep 10, 2015;11.33
Sep 09, 2015;11.43
Sep 08, 2015;11.07
Sep 04, 2015;11.27
Sep 03, 2015;11.34
Sep 02, 2015;10.73
Sep 01, 2015;10.71
Aug 31, 2015;10.69
Aug 28, 2015;10.97
Aug 27, 2015;11.06
Aug 26, 2015;10.53
Aug 25, 2015;10.60
Aug 24, 2015;10.39
Aug 21, 2015;10.44
Aug 20, 2015;10.62
Aug 19, 2015;10.59
Aug 18, 2015;10.73
Aug 17, 2015;10.63
Aug 14, 2015;10.68
Aug 13, 2015;10.49
Aug 12, 2015;10.54
Aug 11, 2015;10.62
Aug 10, 2015;10.57
Aug 07, 2015;10.66
Aug 06, 2015;10.70
Aug 05, 2015;10.76
Aug 04, 2015;11.01
Aug 03, 2015;10.89
Jul 31, 2015;11.14
Jul 30, 2015;11.27
Jul 29, 2015;11.46
Jul 28, 2015;11.17
Jul 27, 2015;11.24
Jul 24, 2015;11.24
Jul 23, 2015;11.51
Jul 22, 2015;11.38
Jul 21, 2015;11.42
Jul 20, 2015;11.44
Jul 17, 2015;11.96
Jul 16, 2015;12.27
Jul 15, 2015;12.46
Jul 14, 2015;12.64
Jul 13, 2015;12.56
Jul 10, 2015;12.41
Jul 09, 2015;11.90
Jul 08, 2015;12.31
Jul 07, 2015;12.33
Jul 06, 2015;12.48
Jul 03, 2015;12.28
Jul 02, 2015;12.30
Jul 01, 2015;12.44
Jun 30, 2015;12.28
Jun 29, 2015;11.82
Jun 26, 2015;11.67
Jun 25, 2015;11.52
Jun 24, 2015;11.51
Jun 23, 2015;11.25
Jun 22, 2015;11.48
Jun 19, 2015;11.12
Jun 18, 2015;11.25
Jun 17, 2015;11.35
Jun 16, 2015;11.31
Jun 15, 2015;11.46
Jun 12, 2015;11.72
Jun 11, 2015;11.64
Jun 10, 2015;12.01
Jun 09, 2015;12.07
Jun 08, 2015;12.16
Jun 05, 2015;12.05
Jun 04, 2015;12.12
Jun 03, 2015;12.05
Jun 02, 2015;12.32
Jun 01, 2015;12.25
May 29, 2015;11.98
May 28, 2015;11.94
May 27, 2015;11.87
May 26, 2015;12.08
May 22, 2015;12.31
May 21, 2015;12.49
May 20, 2015;12.59
May 19, 2015;12.86
May 18, 2015;12.78
May 15, 2015;12.89
May 14, 2015;12.84
May 13, 2015;12.96
May 12, 2015;13.58
May 11, 2015;13.48
May 08, 2015;13.42
May 07, 2015;12.96
May 06, 2015;12.87
May 05, 2015;12.75
May 04, 2015;12.51
May 01, 2015;12.91
Apr 30, 2015;12.98
Apr 29, 2015;13.09
Apr 28, 2015;13.17
Apr 27, 2015;13.31
Apr 24, 2015;13.23
Apr 23, 2015;13.09
Apr 22, 2015;12.66
Apr 21, 2015;12.41
Apr 20, 2015;12.69
Apr 17, 2015;13.24
Apr 16, 2015;13.43
Apr 15, 2015;13.00
Apr 14, 2015;13.19
Apr 13, 2015;13.01
Apr 10, 2015;12.83
Apr 09, 2015;12.80
Apr 08, 2015;12.97
Apr 07, 2015;12.77
Apr 06, 2015;12.54
Apr 02, 2015;12.74
Apr 01, 2015;12.32
Mar 31, 2015;11.93
Mar 30, 2015;11.99
Mar 27, 2015;12.13
Mar 26, 2015;12.34
Mar 25, 2015;12.52
Mar 24, 2015;12.45
Mar 23, 2015;12.74
Mar 20, 2015;12.68
Mar 19, 2015;12.62
Mar 18, 2015;12.73
Mar 17, 2015;12.82
Mar 16, 2015;12.90
Mar 13, 2015;12.70
Mar 12, 2015;13.21
Mar 11, 2015;13.14
Mar 10, 2015;13.02
Mar 09, 2015;13.27
Mar 06, 2015;13.44
Mar 05, 2015;13.44
Mar 04, 2015;13.34
Mar 03, 2015;13.45
Mar 02, 2015;13.64
Feb 27, 2015;13.93
Feb 26, 2015;14.08
Feb 25, 2015;13.79
Feb 24, 2015;14.17
Feb 23, 2015;14.31
Feb 20, 2015;14.39
Feb 19, 2015;14.68
Feb 18, 2015;15.09
Feb 17, 2015;15.14
Feb 13, 2015;14.88
Feb 12, 2015;15.04
Feb 11, 2015;14.71
Feb 10, 2015;14.71
Feb 09, 2015;14.82
Feb 06, 2015;14.51
Feb 05, 2015;14.41
Feb 04, 2015;14.45
Feb 03, 2015;14.47
Feb 02, 2015;14.22
Jan 30, 2015;14.79
Jan 29, 2015;14.85
Jan 28, 2015;15.16
Jan 27, 2015;15.16
Jan 26, 2015;15.35
Jan 23, 2015;15.17
Jan 22, 2015;15.91
Jan 21, 2015;15.92
Jan 20, 2015;15.83
Jan 16, 2015;15.33
Jan 15, 2015;15.35
Jan 14, 2015;14.93
Jan 13, 2015;14.87
Jan 12, 2015;14.76
Jan 09, 2015;14.91
Jan 08, 2015;14.88
Jan 07, 2015;14.78
Jan 06, 2015;14.87
Jan 05, 2015;14.26
Jan 02, 2015;14.17
Dec 31, 2014;14.52
Dec 30, 2014;14.61
Dec 29, 2014;14.60
Dec 28, 2014;14.71
Dec 26, 2014;14.70
Dec 24, 2014;14.76
Dec 23, 2014;14.83
Dec 22, 2014;14.86
Dec 21, 2014;14.94
Dec 19, 2014;14.98
Dec 18, 2014;14.99
Dec 17, 2014;14.72
Dec 16, 2014;14.71
Dec 15, 2014;14.96
Dec 14, 2014;14.99
Dec 12, 2014;14.98
Dec 11, 2014;15.15
Dec 10, 2014;15.47
Dec 09, 2014;15.42
Dec 08, 2014;15.30
Dec 07, 2014;15.14
Dec 05, 2014;15.14
Dec 04, 2014;15.21
Dec 03, 2014;15.09
Dec 02, 2014;15.24
Dec 01, 2014;15.59
Nov 30, 2014;15.58
Nov 28, 2014;15.59
Nov 27, 2014;16.14
Nov 26, 2014;16.12
Nov 25, 2014;16.00
Nov 24, 2014;16.00
Nov 21, 2014;16.09
Nov 20, 2014;16.10
Nov 19, 2014;15.87
Nov 18, 2014;15.71
Nov 17, 2014;15.77
Nov 14, 2014;15.90
Nov 13, 2014;16.01
Nov 12, 2014;16.36
Nov 11, 2014;16.23
Nov 10, 2014;15.66
Nov 07, 2014;15.69
Nov 06, 2014;15.48
Nov 05, 2014;15.51
Nov 04, 2014;15.68
Nov 03, 2014;15.93
Oct 31, 2014;16.04
Oct 30, 2014;16.30
Oct 29, 2014;16.30
Oct 28, 2014;16.13
Oct 27, 2014;16.03
Oct 24, 2014;16.38
Oct 23, 2014;16.16
Oct 22, 2014;16.50
Oct 21, 2014;16.44
Oct 20, 2014;16.68
Oct 17, 2014;16.62
Oct 16, 2014;16.67
Oct 15, 2014;16.50
Oct 14, 2014;16.81
Oct 13, 2014;16.67
Oct 10, 2014;16.55
Oct 09, 2014;16.70
Oct 08, 2014;16.92
Oct 07, 2014;17.03
Oct 06, 2014;16.98
Oct 03, 2014;16.44
Oct 02, 2014;16.05
Oct 01, 2014;16.04
Sep 30, 2014;15.48
Sep 29, 2014;15.66
Sep 26, 2014;15.41
Sep 25, 2014;14.70
Sep 24, 2014;14.62
Sep 23, 2014;14.15
Sep 22, 2014;14.08
Sep 19, 2014;13.50
Sep 18, 2014;13.79
Sep 17, 2014;13.88
Sep 16, 2014;13.55
Sep 15, 2014;13.67
Sep 12, 2014;13.78
Sep 11, 2014;14.36
Sep 10, 2014;14.52
Sep 09, 2014;14.88
Sep 08, 2014;14.94
Sep 05, 2014;15.00
Sep 04, 2014;15.13
Sep 03, 2014;15.62
Sep 02, 2014;15.82
Aug 29, 2014;15.49
Aug 28, 2014;15.56
Aug 27, 2014;15.58
Aug 26, 2014;15.71
Aug 25, 2014;15.36
Aug 22, 2014;15.64
Aug 21, 2014;15.99
Aug 20, 2014;15.70
Aug 19, 2014;15.47
Aug 18, 2014;15.68
Aug 15, 2014;15.92
Aug 14, 2014;15.91
Aug 13, 2014;16.02
Aug 12, 2014;16.05
Aug 11, 2014;16.24
Aug 08, 2014;16.14
Aug 07, 2014;16.05
Aug 06, 2014;16.32
Aug 05, 2014;16.13
Aug 04, 2014;16.32
Aug 03, 2014;16.31
Aug 01, 2014;16.35
Jul 31, 2014;16.46
Jul 30, 2014;16.63
Jul 29, 2014;16.62
Jul 28, 2014;16.94
Jul 25, 2014;17.14
Jul 24, 2014;17.05
Jul 23, 2014;16.96
Jul 22, 2014;17.16
Jul 21, 2014;17.28
Jul 18, 2014;16.97
Jul 17, 2014;16.92
Jul 16, 2014;17.07
Jul 15, 2014;17.21
Jul 14, 2014;17.19
Jul 11, 2014;17.07
Jul 10, 2014;17.29
Jul 09, 2014;17.42
Jul 08, 2014;17.68
Jul 07, 2014;17.51
Jul 06, 2014;17.82
Jul 03, 2014;17.81
Jul 02, 2014;17.87
Jul 01, 2014;17.80
Jun 30, 2014;16.62
Jun 27, 2014;16.85
Jun 26, 2014;17.57
Jun 25, 2014;17.72
Jun 24, 2014;17.81
Jun 23, 2014;17.85
Jun 20, 2014;17.92
Jun 19, 2014;17.94
Jun 18, 2014;17.53
Jun 17, 2014;17.06
Jun 16, 2014;17.10
Jun 13, 2014;17.04
Jun 12, 2014;16.70
Jun 11, 2014;16.81
Jun 10, 2014;16.97
Jun 09, 2014;16.98
Jun 06, 2014;16.92
Jun 05, 2014;16.83
Jun 04, 2014;17.04
Jun 03, 2014;17.19
Jun 02, 2014;17.18
May 30, 2014;17.38
May 29, 2014;17.48
May 28, 2014;17.11
May 27, 2014;17.02
May 23, 2014;17.37
May 22, 2014;17.38
May 21, 2014;17.44
May 20, 2014;17.58
May 19, 2014;17.77
May 16, 2014;17.91
May 15, 2014;18.20
May 14, 2014;18.25
May 13, 2014;17.80
May 12, 2014;17.29
May 11, 2014;17.17
May 09, 2014;17.20
May 08, 2014;17.24
May 07, 2014;17.26
May 06, 2014;17.20
May 05, 2014;17.47
May 02, 2014;17.45
May 01, 2014;17.80
Apr 30, 2014;17.24
Apr 29, 2014;17.04
Apr 28, 2014;16.94
Apr 25, 2014;17.20
Apr 24, 2014;17.12
Apr 23, 2014;17.42
Apr 22, 2014;16.99
Apr 21, 2014;16.84
Apr 17, 2014;16.66
Apr 16, 2014;16.92
Apr 15, 2014;16.56
Apr 14, 2014;16.59
Apr 11, 2014;16.80
Apr 10, 2014;17.08
Apr 09, 2014;17.04
Apr 08, 2014;17.16
Apr 07, 2014;16.94
Apr 04, 2014;17.35
Apr 03, 2014;17.18
Apr 02, 2014;16.97
Apr 01, 2014;17.18
Mar 31, 2014;17.77
Mar 28, 2014;17.98
Mar 27, 2014;17.87
Mar 26, 2014;17.36
Mar 25, 2014;16.97
Mar 24, 2014;16.84
Mar 21, 2014;16.83
Mar 20, 2014;17.05
Mar 19, 2014;17.32
Mar 18, 2014;17.14
Mar 17, 2014;17.05
Mar 14, 2014;17.25
Mar 13, 2014;17.82
Mar 12, 2014;17.67
Mar 11, 2014;18.03
Mar 10, 2014;18.22
Mar 07, 2014;18.01
Mar 06, 2014;18.32
Mar 05, 2014;18.23
Mar 04, 2014;17.74
Mar 03, 2014;17.80
Feb 28, 2014;16.47
Feb 27, 2014;17.44
Feb 26, 2014;17.29
Feb 25, 2014;17.34
Feb 24, 2014;17.41
Feb 21, 2014;16.72
Feb 20, 2014;16.33
Feb 19, 2014;16.46
Feb 18, 2014;16.16
Feb 14, 2014;15.63
Feb 13, 2014;15.66
Feb 12, 2014;15.81
Feb 11, 2014;15.46
Feb 10, 2014;15.64
Feb 07, 2014;15.73
Feb 06, 2014;15.85
Feb 05, 2014;16.10
Feb 04, 2014;16.06
Feb 03, 2014;15.74
Jan 31, 2014;15.55
Jan 30, 2014;14.99
Jan 29, 2014;14.74
Jan 28, 2014;15.02
Jan 27, 2014;14.80
Jan 24, 2014;15.11
Jan 23, 2014;15.04
Jan 22, 2014;15.03
Jan 21, 2014;15.22
Jan 17, 2014;15.22
Jan 16, 2014;15.45
Jan 15, 2014;15.23
Jan 14, 2014;15.49
Jan 13, 2014;15.60
Jan 10, 2014;15.57
Jan 09, 2014;15.48
Jan 08, 2014;15.74
Jan 07, 2014;16.06
Jan 06, 2014;16.08
Jan 03, 2014;16.08
Jan 02, 2014;16.29
Jan 01, 2014;16.47
Dec 31, 2013;16.41
Dec 30, 2013;16.38
Dec 27, 2013;16.43
Dec 26, 2013;16.29
Dec 24, 2013;16.21
Dec 23, 2013;16.23
Dec 20, 2013;16.45
Dec 19, 2013;16.15
Dec 18, 2013;15.89
Dec 17, 2013;15.96
Dec 16, 2013;16.27
Dec 13, 2013;16.27
Dec 12, 2013;16.30
Dec 11, 2013;16.51
Dec 10, 2013;16.62
Dec 09, 2013;16.55
Dec 06, 2013;16.59
Dec 05, 2013;16.69
Dec 04, 2013;16.68
Dec 03, 2013;16.81
Dec 02, 2013;16.97
Nov 29, 2013;17.15
Nov 27, 2013;17.22
Nov 26, 2013;17.30
Nov 25, 2013;17.32
Nov 24, 2013;17.48
Nov 22, 2013;17.40
Nov 21, 2013;17.51
Nov 20, 2013;17.60
Nov 19, 2013;17.65
Nov 18, 2013;17.75
Nov 15, 2013;17.55
Nov 14, 2013;17.64
Nov 13, 2013;17.80
Nov 12, 2013;17.87
Nov 11, 2013;17.97
Nov 08, 2013;18.08
Nov 07, 2013;18.04
Nov 06, 2013;18.10
Nov 05, 2013;18.26
Nov 04, 2013;18.32
Nov 01, 2013;18.25
Oct 31, 2013;18.32
Oct 30, 2013;18.32
Oct 29, 2013;18.45
Oct 28, 2013;18.91
Oct 25, 2013;19.03
Oct 24, 2013;18.97
Oct 23, 2013;19.28
Oct 22, 2013;19.45
Oct 21, 2013;19.42
Oct 18, 2013;19.50
Oct 17, 2013;19.00
Oct 16, 2013;19.01
Oct 15, 2013;18.70
Oct 14, 2013;19.05
Oct 11, 2013;18.93
Oct 10, 2013;18.72
Oct 09, 2013;18.59
Oct 08, 2013;18.62
Oct 07, 2013;18.59
Oct 04, 2013;18.48
Oct 03, 2013;18.52
Oct 02, 2013;18.51
Oct 01, 2013;18.32
Sep 30, 2013;17.48
Sep 27, 2013;16.87
Sep 26, 2013;17.51
Sep 25, 2013;17.62
Sep 24, 2013;17.42
Sep 23, 2013;17.25
Sep 20, 2013;17.18
Sep 19, 2013;17.17
Sep 18, 2013;16.89
Sep 17, 2013;16.79
Sep 16, 2013;16.94
Sep 13, 2013;17.09
Sep 12, 2013;17.18
Sep 11, 2013;17.17
Sep 10, 2013;17.18
Sep 09, 2013;17.01
Sep 06, 2013;16.79
Sep 05, 2013;16.51
Sep 04, 2013;16.38
Sep 03, 2013;16.47
Aug 30, 2013;16.34
Aug 29, 2013;16.37
Aug 28, 2013;16.44
Aug 27, 2013;16.46
Aug 26, 2013;16.61
Aug 23, 2013;16.47
Aug 22, 2013;16.28
Aug 21, 2013;16.32
Aug 20, 2013;16.47
Aug 19, 2013;16.53
Aug 16, 2013;16.94
Aug 15, 2013;17.19
Aug 14, 2013;17.25
Aug 13, 2013;17.25
Aug 12, 2013;17.16
Aug 09, 2013;16.98
Aug 08, 2013;16.82
Aug 07, 2013;16.78
Aug 06, 2013;16.55
Aug 05, 2013;16.56
Aug 02, 2013;16.79
Aug 01, 2013;16.83
Jul 31, 2013;16.97
Jul 30, 2013;16.93
Jul 29, 2013;16.92
Jul 26, 2013;16.47
Jul 25, 2013;16.39
Jul 24, 2013;16.14
Jul 23, 2013;16.34
Jul 22, 2013;16.40
Jul 19, 2013;16.29
Jul 18, 2013;16.18
Jul 17, 2013;16.08
Jul 16, 2013;16.00
Jul 15, 2013;16.16
Jul 12, 2013;16.06
Jul 11, 2013;16.10
Jul 10, 2013;16.25
Jul 09, 2013;16.34
Jul 08, 2013;16.33
Jul 05, 2013;16.26
Jul 04, 2013;16.42
Jul 03, 2013;16.42
Jul 02, 2013;16.53
Jul 01, 2013;16.69
Jun 28, 2013;16.38
Jun 27, 2013;16.47
Jun 26, 2013;17.01
Jun 25, 2013;17.07
Jun 24, 2013;17.01
Jun 21, 2013;16.74
Jun 20, 2013;16.38
Jun 19, 2013;16.97
Jun 18, 2013;16.76
Jun 17, 2013;16.93
Jun 14, 2013;16.78
Jun 13, 2013;16.24
Jun 12, 2013;16.21
Jun 11, 2013;16.29
Jun 10, 2013;16.38
Jun 07, 2013;16.43
Jun 06, 2013;16.48
Jun 05, 2013;16.38
Jun 04, 2013;16.38
Jun 03, 2013;16.43
May 31, 2013;16.55
May 30, 2013;16.65
May 29, 2013;16.67
May 28, 2013;16.72
May 24, 2013;16.84
May 23, 2013;16.76
May 22, 2013;16.65
May 21, 2013;16.86
May 20, 2013;16.81
May 17, 2013;16.89
May 16, 2013;16.83
May 15, 2013;16.95
May 14, 2013;17.02
May 13, 2013;17.25
May 10, 2013;17.43
May 09, 2013;17.47
May 08, 2013;17.47
May 07, 2013;17.64
May 06, 2013;17.81
May 03, 2013;17.53
May 02, 2013;17.60
May 01, 2013;17.33
Apr 30, 2013;17.67
Apr 29, 2013;17.49
Apr 26, 2013;17.36
Apr 25, 2013;17.41
Apr 24, 2013;17.40
Apr 23, 2013;17.74
Apr 22, 2013;17.87
Apr 19, 2013;17.97
Apr 18, 2013;17.69
Apr 17, 2013;17.85
Apr 16, 2013;18.01
Apr 15, 2013;17.79
Apr 12, 2013;18.03
Apr 11, 2013;17.84
Apr 10, 2013;17.90
Apr 09, 2013;17.72
Apr 08, 2013;17.70
Apr 05, 2013;17.65
Apr 04, 2013;17.67
Apr 03, 2013;17.50
Apr 02, 2013;17.59
Apr 01, 2013;17.69
Mar 28, 2013;17.66
Mar 27, 2013;17.85
Mar 26, 2013;17.78
Mar 25, 2013;17.97
Mar 22, 2013;18.20
Mar 21, 2013;18.21
Mar 20, 2013;18.35
Mar 19, 2013;18.31
Mar 18, 2013;18.29
Mar 15, 2013;18.89
Mar 14, 2013;18.84
Mar 13, 2013;18.80
Mar 12, 2013;18.82
Mar 11, 2013;18.82
Mar 08, 2013;18.75
Mar 07, 2013;18.77
Mar 06, 2013;18.20
Mar 05, 2013;18.19
Mar 04, 2013;18.08
Mar 01, 2013;17.91
Feb 28, 2013;18.38
Feb 27, 2013;17.84
Feb 26, 2013;17.79
Feb 25, 2013;18.01
Feb 22, 2013;18.24
Feb 21, 2013;18.12
Feb 20, 2013;18.35
Feb 19, 2013;18.22
Feb 15, 2013;18.00
Feb 14, 2013;17.94
Feb 13, 2013;18.23
Feb 12, 2013;18.08
Feb 11, 2013;18.44
Feb 08, 2013;18.14
Feb 07, 2013;18.16
Feb 06, 2013;18.19
Feb 05, 2013;18.56
Feb 04, 2013;18.73
Feb 01, 2013;18.89
Jan 31, 2013;18.78
Jan 30, 2013;18.71
Jan 29, 2013;18.38
Jan 28, 2013;18.73
Jan 25, 2013;18.38
Jan 24, 2013;18.49
Jan 23, 2013;18.50
Jan 22, 2013;18.12
Jan 20, 2013;18.45
Jan 18, 2013;18.37
Jan 17, 2013;18.42
Jan 16, 2013;18.45
Jan 15, 2013;18.62
Jan 14, 2013;18.90
Jan 11, 2013;19.17
Jan 10, 2013;18.96
Jan 09, 2013;18.72
Jan 08, 2013;18.67
Jan 07, 2013;18.86
Jan 04, 2013;18.85
Jan 03, 2013;19.10
Jan 02, 2013;19.69
Dec 31, 2012;19.51
Dec 28, 2012;19.42
Dec 27, 2012;19.45
Dec 26, 2012;19.05
Dec 24, 2012;19.02
Dec 21, 2012;19.25
Dec 20, 2012;19.25
Dec 19, 2012;19.23
Dec 18, 2012;19.39
Dec 17, 2012;19.41
Dec 14, 2012;19.01
Dec 13, 2012;18.54
Dec 12, 2012;18.54
Dec 11, 2012;18.88
Dec 10, 2012;18.76
Dec 07, 2012;19.21
Dec 06, 2012;19.36
Dec 05, 2012;19.57
Dec 04, 2012;19.44
Dec 03, 2012;19.75
Dec 02, 2012;19.33
Nov 30, 2012;19.34
Nov 29, 2012;19.34
Nov 28, 2012;19.16
Nov 27, 2012;19.23
Nov 26, 2012;19.15
Nov 23, 2012;19.14
Nov 21, 2012;19.64
Nov 20, 2012;19.90
Nov 19, 2012;19.94
Nov 16, 2012;19.15
Nov 15, 2012;19.04
Nov 14, 2012;19.24
Nov 13, 2012;19.35
Nov 12, 2012;19.36
Nov 09, 2012;19.06
Nov 08, 2012;18.84
Nov 07, 2012;18.95
Nov 06, 2012;19.59
Nov 05, 2012;19.33
Nov 02, 2012;19.45
Nov 01, 2012;19.38
Oct 31, 2012;19.46
Oct 30, 2012;19.56
Oct 29, 2012;19.41
Oct 26, 2012;19.35
Oct 25, 2012;19.53
Oct 24, 2012;19.68
Oct 23, 2012;19.65
Oct 22, 2012;20.06
Oct 19, 2012;20.23
Oct 18, 2012;19.79
Oct 17, 2012;20.11
Oct 16, 2012;20.17
Oct 15, 2012;19.85
Oct 14, 2012;20.14
Oct 12, 2012;20.05
Oct 11, 2012;20.45
Oct 10, 2012;21.26
Oct 09, 2012;21.47
Oct 08, 2012;21.42
Oct 07, 2012;21.54
Oct 05, 2012;21.54
Oct 04, 2012;21.60
Oct 03, 2012;21.58
Oct 02, 2012;21.59
Oct 01, 2012;21.13
Sep 28, 2012;19.58
Sep 27, 2012;19.60
Sep 26, 2012;19.57
Sep 25, 2012;19.86
Sep 24, 2012;19.50
Sep 21, 2012;19.38
Sep 20, 2012;19.21
Sep 19, 2012;18.96
Sep 18, 2012;19.44
Sep 17, 2012;20.03
Sep 16, 2012;19.90
Sep 14, 2012;19.91
Sep 13, 2012;19.71
Sep 12, 2012;19.72
Sep 11, 2012;19.44
Sep 10, 2012;19.43
Sep 07, 2012;19.38
Sep 06, 2012;18.87
Sep 05, 2012;19.01
Sep 04, 2012;19.34
Aug 31, 2012;19.78
Aug 30, 2012;19.75
Aug 29, 2012;19.76
Aug 28, 2012;20.13
Aug 27, 2012;19.56
Aug 26, 2012;19.72
Aug 24, 2012;19.58
Aug 23, 2012;19.59
Aug 22, 2012;19.94
Aug 21, 2012;19.78
Aug 20, 2012;20.50
Aug 17, 2012;20.18
Aug 16, 2012;20.15
Aug 15, 2012;20.29
Aug 14, 2012;20.32
Aug 13, 2012;20.39
Aug 10, 2012;20.74
Aug 09, 2012;20.80
Aug 08, 2012;21.09
Aug 07, 2012;21.42
Aug 06, 2012;21.83
Aug 03, 2012;22.00
Aug 02, 2012;22.04
Aug 01, 2012;22.56
Jul 31, 2012;22.64
Jul 30, 2012;22.80
Jul 27, 2012;22.52
Jul 26, 2012;22.50
Jul 25, 2012;23.57
Jul 24, 2012;23.49
Jul 23, 2012;23.89
Jul 20, 2012;23.92
Jul 19, 2012;23.25
Jul 18, 2012;22.95
Jul 17, 2012;22.79
Jul 16, 2012;22.77
Jul 13, 2012;22.73
Jul 12, 2012;22.46
Jul 11, 2012;22.88
Jul 10, 2012;22.49
Jul 09, 2012;22.70
Jul 06, 2012;22.25
Jul 05, 2012;21.92
Jul 03, 2012;21.98
Jul 02, 2012;21.40
Jul 01, 2012;21.07
Jun 29, 2012;21.81
Jun 28, 2012;21.21
Jun 27, 2012;21.42
Jun 26, 2012;20.53
Jun 25, 2012;20.30
Jun 22, 2012;20.24
Jun 21, 2012;21.39
Jun 20, 2012;21.74
Jun 19, 2012;21.57
Jun 18, 2012;20.86
Jun 15, 2012;20.84
Jun 14, 2012;19.97
Jun 13, 2012;19.92
Jun 12, 2012;20.36
Jun 11, 2012;20.47
Jun 08, 2012;19.98
Jun 07, 2012;19.76
Jun 06, 2012;19.90
Jun 05, 2012;19.06
Jun 04, 2012;18.90
Jun 01, 2012;19.09
May 31, 2012;19.42
May 30, 2012;19.48
May 29, 2012;19.53
May 25, 2012;19.62
May 24, 2012;19.58
May 23, 2012;19.51
May 22, 2012;19.80
May 21, 2012;20.38
May 18, 2012;20.47
May 17, 2012;20.86
May 16, 2012;20.73
May 15, 2012;20.40
May 14, 2012;20.27
May 11, 2012;20.22
May 10, 2012;20.45
May 09, 2012;20.38
May 08, 2012;20.37
May 07, 2012;21.05
May 04, 2012;20.81
May 03, 2012;20.65
May 02, 2012;20.55
May 01, 2012;20.95
Apr 30, 2012;21.17
Apr 27, 2012;21.22
Apr 26, 2012;21.32
Apr 25, 2012;22.04
Apr 24, 2012;22.00
Apr 23, 2012;21.91
Apr 20, 2012;21.93
Apr 19, 2012;22.05
Apr 18, 2012;22.34
Apr 17, 2012;23.02
Apr 16, 2012;22.90
Apr 13, 2012;23.37
Apr 12, 2012;24.22
Apr 11, 2012;23.95
Apr 10, 2012;23.87
Apr 09, 2012;24.43
Apr 05, 2012;24.58
Apr 04, 2012;24.42
Apr 03, 2012;24.25
Apr 02, 2012;24.58
Mar 30, 2012;24.71
Mar 29, 2012;24.60
Mar 28, 2012;24.26
Mar 27, 2012;24.30
Mar 26, 2012;24.78
Mar 23, 2012;25.63
Mar 22, 2012;25.91
Mar 21, 2012;25.33
Mar 20, 2012;25.61
Mar 19, 2012;25.66
Mar 16, 2012;25.41
Mar 15, 2012;25.50
Mar 14, 2012;24.44
Mar 13, 2012;24.13
Mar 12, 2012;23.77
Mar 09, 2012;23.66
Mar 08, 2012;23.96
Mar 07, 2012;23.92
Mar 06, 2012;24.05
Mar 05, 2012;24.68
Mar 02, 2012;24.96
Mar 01, 2012;24.85
Feb 29, 2012;25.66
Feb 28, 2012;26.09
Feb 27, 2012;26.50
Feb 24, 2012;26.19
Feb 23, 2012;25.94
Feb 22, 2012;25.76
Feb 21, 2012;25.35
Feb 17, 2012;24.62
Feb 16, 2012;24.59
Feb 15, 2012;24.49
Feb 14, 2012;24.25
Feb 13, 2012;24.64
Feb 10, 2012;24.67
Feb 09, 2012;24.53
Feb 08, 2012;24.48
Feb 07, 2012;24.40
Feb 06, 2012;24.50
Feb 03, 2012;23.94
Feb 02, 2012;23.48
Feb 01, 2012;23.59
Jan 31, 2012;23.64
Jan 30, 2012;23.85
Jan 27, 2012;24.21
Jan 26, 2012;24.73
Jan 25, 2012;24.51
Jan 24, 2012;24.89
Jan 23, 2012;24.96
Jan 20, 2012;24.89
Jan 19, 2012;24.61
Jan 18, 2012;24.00
Jan 17, 2012;23.86
Jan 13, 2012;23.84
Jan 12, 2012;23.27
Jan 11, 2012;23.69
Jan 10, 2012;23.32
Jan 09, 2012;23.34
Jan 06, 2012;23.29
Jan 05, 2012;23.13
Jan 04, 2012;24.42
Jan 03, 2012;24.51
Jan 02, 2012;23.34
Dec 30, 2011;23.30
Dec 29, 2011;23.51
Dec 28, 2011;23.13
Dec 27, 2011;23.61
Dec 26, 2011;23.73
Dec 25, 2011;23.73
Dec 23, 2011;23.59
Dec 22, 2011;23.44
Dec 21, 2011;23.32
Dec 20, 2011;23.49
Dec 19, 2011;23.09
Dec 16, 2011;23.08
Dec 15, 2011;22.75
Dec 14, 2011;22.80
Dec 13, 2011;23.44
Dec 12, 2011;23.29
Dec 11, 2011;23.58
Dec 09, 2011;23.40
Dec 08, 2011;24.13
Dec 07, 2011;23.05
Dec 06, 2011;24.18
Dec 05, 2011;24.08
Dec 02, 2011;23.45
Dec 01, 2011;23.59
Nov 30, 2011;23.69
Nov 29, 2011;23.49
Nov 28, 2011;23.12
Nov 25, 2011;22.90
Nov 23, 2011;23.09
Nov 22, 2011;23.44
Nov 21, 2011;24.09
Nov 18, 2011;23.97
Nov 17, 2011;24.04
Nov 16, 2011;24.52
Nov 15, 2011;24.81
Nov 14, 2011;24.75
Nov 11, 2011;25.00
Nov 10, 2011;25.39
Nov 09, 2011;25.36
Nov 08, 2011;25.91
Nov 07, 2011;25.32
Nov 04, 2011;25.57
Nov 03, 2011;25.65
Nov 02, 2011;25.42
Nov 01, 2011;25.34
Oct 31, 2011;25.77
Oct 28, 2011;26.15
Oct 27, 2011;26.86
Oct 26, 2011;26.35
Oct 25, 2011;26.94
Oct 24, 2011;27.10
Oct 21, 2011;26.48
Oct 20, 2011;26.80
Oct 19, 2011;26.97
Oct 18, 2011;27.85
Oct 17, 2011;27.79
Oct 14, 2011;27.93
Oct 13, 2011;26.91
Oct 12, 2011;26.01
Oct 11, 2011;25.94
Oct 10, 2011;26.28
Oct 07, 2011;25.16
Oct 06, 2011;24.64
Oct 05, 2011;24.80
Oct 04, 2011;24.69
Oct 03, 2011;24.85
Sep 30, 2011;26.34
Sep 29, 2011;26.85
Sep 28, 2011;25.68
Sep 27, 2011;26.04
Sep 26, 2011;25.09
Sep 23, 2011;24.84
Sep 22, 2011;25.67
Sep 21, 2011;26.83
Sep 20, 2011;27.59
Sep 19, 2011;27.83
Sep 16, 2011;27.52
Sep 15, 2011;29.50
Sep 14, 2011;29.70
Sep 13, 2011;29.41
Sep 12, 2011;29.57
Sep 09, 2011;29.05
Sep 08, 2011;28.73
Sep 07, 2011;28.41
Sep 06, 2011;28.29
Sep 05, 2011;29.25
Sep 02, 2011;29.18
Sep 01, 2011;29.59
Aug 31, 2011;29.68
Aug 30, 2011;29.62
Aug 29, 2011;29.89
Aug 26, 2011;30.22
Aug 25, 2011;29.66
Aug 24, 2011;30.18
Aug 23, 2011;30.82
Aug 22, 2011;30.79
Aug 19, 2011;30.96
Aug 18, 2011;29.12
Aug 17, 2011;29.49
Aug 16, 2011;28.04
Aug 15, 2011;27.48
Aug 12, 2011;27.84
Aug 11, 2011;28.08
Aug 10, 2011;27.62
Aug 09, 2011;27.49
Aug 08, 2011;26.98
Aug 05, 2011;27.54
Aug 04, 2011;27.79
Aug 03, 2011;27.69
Aug 02, 2011;28.16
Aug 01, 2011;28.97
Jul 29, 2011;29.81
Jul 28, 2011;29.92
Jul 27, 2011;31.13
Jul 26, 2011;30.94
Jul 25, 2011;30.74
Jul 22, 2011;31.34
Jul 21, 2011;29.85
Jul 20, 2011;28.92
Jul 19, 2011;28.78
Jul 18, 2011;28.94
Jul 15, 2011;28.97
Jul 14, 2011;29.02
Jul 13, 2011;30.24
Jul 12, 2011;30.49
Jul 11, 2011;28.92
Jul 08, 2011;29.36
Jul 07, 2011;29.52
Jul 06, 2011;27.68
Jul 05, 2011;27.60
Jul 04, 2011;27.32
Jul 01, 2011;27.25
Jun 30, 2011;28.36
Jun 29, 2011;29.28
Jun 28, 2011;29.28
Jun 27, 2011;27.80
Jun 24, 2011;27.54
Jun 23, 2011;27.58
Jun 22, 2011;27.23
Jun 21, 2011;27.49
Jun 20, 2011;27.47
Jun 17, 2011;26.37
Jun 16, 2011;25.92
Jun 15, 2011;25.08
Jun 14, 2011;25.15
Jun 13, 2011;25.59
Jun 10, 2011;25.64
Jun 09, 2011;24.84
Jun 08, 2011;24.95
Jun 07, 2011;24.35
Jun 06, 2011;23.59
Jun 03, 2011;23.95
Jun 02, 2011;23.52
Jun 01, 2011;22.46
May 31, 2011;23.18
May 27, 2011;22.99
May 26, 2011;22.69
May 25, 2011;22.64
May 24, 2011;21.91
May 23, 2011;21.51
May 20, 2011;22.41
May 19, 2011;21.82
May 18, 2011;22.85
May 17, 2011;21.93
May 16, 2011;21.77
May 13, 2011;21.45
May 12, 2011;21.33
May 11, 2011;20.94
May 10, 2011;21.87
May 09, 2011;20.96
May 06, 2011;20.47
May 05, 2011;20.86
May 04, 2011;21.35
May 03, 2011;22.05
May 02, 2011;21.87
Apr 29, 2011;23.38
Apr 28, 2011;23.92
Apr 27, 2011;24.55
Apr 26, 2011;24.94
Apr 25, 2011;25.07
Apr 22, 2011;25.48
Apr 21, 2011;25.48
Apr 20, 2011;25.20
Apr 19, 2011;24.27
Apr 18, 2011;24.40
Apr 15, 2011;24.59
Apr 14, 2011;24.44
Apr 13, 2011;24.79
Apr 12, 2011;25.58
Apr 11, 2011;26.04
Apr 08, 2011;25.66
Apr 07, 2011;26.50
Apr 06, 2011;26.71
Apr 05, 2011;27.55
Apr 04, 2011;28.00
Apr 01, 2011;27.44
Mar 31, 2011;27.11
Mar 30, 2011;27.21
Mar 29, 2011;27.02
Mar 28, 2011;27.05
Mar 25, 2011;27.86
Mar 24, 2011;27.45
Mar 23, 2011;26.58
Mar 22, 2011;27.16
Mar 21, 2011;27.48
Mar 18, 2011;27.71
Mar 17, 2011;26.74
Mar 16, 2011;25.85
Mar 15, 2011;25.65
Mar 14, 2011;27.79
Mar 11, 2011;28.86
Mar 10, 2011;28.71
Mar 09, 2011;30.42
Mar 08, 2011;30.70
Mar 07, 2011;29.99
Mar 04, 2011;29.88
Mar 03, 2011;30.59
Mar 02, 2011;30.38
Mar 01, 2011;29.26
Feb 28, 2011;32.51
Feb 25, 2011;31.52
Feb 24, 2011;30.22
Feb 23, 2011;29.94
Feb 22, 2011;30.96
Feb 18, 2011;31.02
Feb 17, 2011;31.26
Feb 16, 2011;31.77
Feb 15, 2011;30.82
Feb 14, 2011;30.91
Feb 11, 2011;31.30
Feb 10, 2011;32.05
Feb 09, 2011;31.50
Feb 08, 2011;31.16
Feb 07, 2011;32.68
Feb 04, 2011;32.64
Feb 03, 2011;32.04
Feb 02, 2011;35.31
Feb 01, 2011;33.96
Jan 31, 2011;33.97
Jan 28, 2011;33.94
Jan 27, 2011;34.18
Jan 26, 2011;33.13
Jan 25, 2011;31.84
Jan 24, 2011;32.31
Jan 23, 2011;32.36
Jan 21, 2011;32.33
Jan 20, 2011;31.31
Jan 19, 2011;31.18
Jan 18, 2011;31.12
Jan 17, 2011;30.77
Jan 14, 2011;30.89
Jan 13, 2011;32.06
Jan 12, 2011;32.02
Jan 11, 2011;32.75
Jan 10, 2011;31.74
Jan 07, 2011;31.53
Jan 06, 2011;30.24
Jan 05, 2011;32.20
Jan 04, 2011;31.00
Jan 03, 2011;31.98
Dec 31, 2010;32.12
Dec 30, 2010;30.38
Dec 29, 2010;33.83
Dec 28, 2010;34.39
Dec 27, 2010;33.64
Dec 24, 2010;33.86
Dec 23, 2010;33.98
Dec 22, 2010;33.13
Dec 21, 2010;33.02
Dec 20, 2010;32.96
Dec 17, 2010;32.50
Dec 16, 2010;31.00
Dec 15, 2010;31.11
Dec 14, 2010;30.78
Dec 13, 2010;30.49
Dec 12, 2010;29.17
Dec 10, 2010;29.13
Dec 09, 2010;28.71
Dec 08, 2010;28.98
Dec 07, 2010;28.41
Dec 06, 2010;29.01
Dec 03, 2010;29.50
Dec 02, 2010;28.45
Dec 01, 2010;28.37
Nov 30, 2010;27.55
Nov 29, 2010;28.35
Nov 26, 2010;28.25
Nov 24, 2010;27.95
Nov 23, 2010;27.33
Nov 22, 2010;26.50
Nov 19, 2010;26.15
Nov 18, 2010;28.15
Nov 17, 2010;26.47
Nov 16, 2010;26.31
Nov 15, 2010;27.03
Nov 12, 2010;26.21
Nov 11, 2010;29.66
Nov 10, 2010;32.81
Nov 09, 2010;33.11
Nov 08, 2010;31.88
Nov 05, 2010;31.76
Nov 04, 2010;31.66
Nov 03, 2010;30.15
Nov 02, 2010;30.12
Nov 01, 2010;29.45
Oct 29, 2010;29.12
Oct 28, 2010;28.71
Oct 27, 2010;28.59
Oct 26, 2010;27.96
Oct 25, 2010;28.50
Oct 22, 2010;28.22
Oct 21, 2010;28.35
Oct 20, 2010;28.81
Oct 19, 2010;28.33
Oct 18, 2010;27.58
Oct 15, 2010;27.06
Oct 14, 2010;27.94
Oct 13, 2010;27.50
Oct 12, 2010;27.45
Oct 11, 2010;26.59
Oct 08, 2010;26.32
Oct 07, 2010;25.16
Oct 06, 2010;23.54
Oct 05, 2010;23.74
Oct 04, 2010;22.99
Oct 01, 2010;23.36
Sep 30, 2010;25.30
Sep 29, 2010;26.82
Sep 28, 2010;26.84
Sep 27, 2010;26.09
Sep 24, 2010;25.44
Sep 23, 2010;24.70
Sep 22, 2010;24.31
Sep 21, 2010;23.79
Sep 20, 2010;24.29
Sep 17, 2010;24.61
Sep 16, 2010;24.48
Sep 15, 2010;23.82
Sep 14, 2010;24.36
Sep 13, 2010;23.34
Sep 12, 2010;22.61
Sep 10, 2010;22.73
Sep 09, 2010;22.43
Sep 08, 2010;21.38
Sep 07, 2010;21.45
Sep 06, 2010;20.74
Sep 05, 2010;20.74
Sep 03, 2010;20.60
Sep 02, 2010;20.81
Sep 01, 2010;20.49
Aug 31, 2010;19.75
Aug 30, 2010;19.81
Aug 29, 2010;19.95
Aug 27, 2010;19.96
Aug 26, 2010;19.27
Aug 25, 2010;20.03
Aug 24, 2010;20.16
Aug 23, 2010;20.07
Aug 22, 2010;19.84
Aug 20, 2010;19.95
Aug 19, 2010;19.48
Aug 18, 2010;19.60
Aug 17, 2010;19.38
Aug 16, 2010;18.94
Aug 15, 2010;19.35
Aug 13, 2010;19.42
Aug 12, 2010;18.97
Aug 11, 2010;18.26
Aug 10, 2010;18.56
Aug 09, 2010;17.73
Aug 08, 2010;17.88
Aug 06, 2010;18.24
Aug 05, 2010;18.29
Aug 04, 2010;18.88
Aug 03, 2010;18.59
Aug 02, 2010;19.40
Aug 01, 2010;17.66
Jul 30, 2010;19.57
Jul 29, 2010;19.50
Jul 28, 2010;18.87
Jul 27, 2010;18.42
Jul 26, 2010;18.62
Jul 25, 2010;18.35
Jul 23, 2010;18.26
Jul 22, 2010;18.30
Jul 21, 2010;17.47
Jul 20, 2010;17.28
Jul 19, 2010;17.61
Jul 18, 2010;17.20
Jul 16, 2010;17.11
Jul 15, 2010;17.39
Jul 14, 2010;16.97
Jul 13, 2010;17.17
Jul 12, 2010;17.10
Jul 11, 2010;16.73
Jul 09, 2010;16.61
Jul 08, 2010;17.09
Jul 07, 2010;17.06
Jul 06, 2010;16.69
Jul 05, 2010;17.10
Jul 04, 2010;16.44
Jul 02, 2010;16.70
Jul 01, 2010;16.28
Jun 30, 2010;18.03
Jun 29, 2010;17.58
Jun 28, 2010;17.19
Jun 25, 2010;17.29
Jun 24, 2010;16.82
Jun 23, 2010;16.25
Jun 22, 2010;16.21
Jun 21, 2010;16.18
Jun 18, 2010;15.58
Jun 17, 2010;15.79
Jun 16, 2010;16.27
Jun 15, 2010;16.18
Jun 14, 2010;16.05
Jun 13, 2010;15.62
Jun 11, 2010;15.83
Jun 10, 2010;15.36
Jun 09, 2010;15.16
Jun 08, 2010;14.88
Jun 07, 2010;14.33
Jun 04, 2010;14.52
Jun 03, 2010;13.99
Jun 02, 2010;13.94
Jun 01, 2010;14.40
May 31, 2010;14.25
May 28, 2010;14.19
May 27, 2010;14.92
May 26, 2010;15.36
May 25, 2010;15.25
May 24, 2010;15.19
May 21, 2010;15.65
May 20, 2010;14.99
May 19, 2010;14.93
May 18, 2010;14.80
May 17, 2010;13.89
May 16, 2010;13.93
May 14, 2010;14.13
May 13, 2010;14.66
May 12, 2010;14.67
May 11, 2010;13.91
May 10, 2010;14.18
May 07, 2010;13.75
May 06, 2010;13.67
May 05, 2010;14.41
May 04, 2010;14.51
May 03, 2010;14.98
Apr 30, 2010;15.05
Apr 29, 2010;15.10
Apr 28, 2010;14.63
Apr 27, 2010;15.12
Apr 26, 2010;15.69
Apr 25, 2010;15.99
Apr 23, 2010;15.66
Apr 22, 2010;16.07
Apr 21, 2010;16.55
Apr 20, 2010;16.46
Apr 19, 2010;16.91
Apr 16, 2010;15.95
Apr 15, 2010;16.85
Apr 14, 2010;17.53
Apr 13, 2010;16.98
Apr 12, 2010;16.54
Apr 09, 2010;16.39
Apr 08, 2010;15.92
Apr 07, 2010;16.16
Apr 06, 2010;15.89
Apr 05, 2010;16.40
Apr 01, 2010;16.70
Mar 31, 2010;16.59
Mar 30, 2010;17.88
Mar 29, 2010;17.51
Mar 26, 2010;17.00
Mar 25, 2010;17.05
Mar 24, 2010;17.67
Mar 23, 2010;16.57
Mar 22, 2010;17.84
Mar 19, 2010;18.64
Mar 18, 2010;19.03
Mar 17, 2010;18.33
Mar 16, 2010;18.24
Mar 15, 2010;19.39
Mar 12, 2010;19.67
Mar 11, 2010;19.27
Mar 10, 2010;19.69
Mar 09, 2010;20.32
Mar 08, 2010;21.57
Mar 05, 2010;22.19
Mar 04, 2010;21.67
Mar 03, 2010;22.05
Mar 02, 2010;22.64
Mar 01, 2010;22.26
Feb 26, 2010;24.13
Feb 25, 2010;24.45
Feb 24, 2010;25.11
Feb 23, 2010;24.37
Feb 22, 2010;24.79
Feb 19, 2010;26.80
Feb 18, 2010;26.47
Feb 17, 2010;26.12
Feb 16, 2010;27.36
Feb 12, 2010;26.95
Feb 11, 2010;27.53
Feb 10, 2010;26.64
Feb 09, 2010;27.07
Feb 08, 2010;26.60
Feb 05, 2010;26.17
Feb 04, 2010;27.64
Feb 03, 2010;28.58
Feb 02, 2010;29.40
Feb 01, 2010;29.28
Jan 31, 2010;29.59
Jan 29, 2010;29.90
Jan 28, 2010;29.00
Jan 27, 2010;28.36
Jan 26, 2010;29.30
Jan 25, 2010;29.80
Jan 22, 2010;28.78
Jan 21, 2010;29.26
Jan 20, 2010;29.11
Jan 19, 2010;28.98
Jan 18, 2010;27.80
Jan 15, 2010;27.62
Jan 14, 2010;27.76
Jan 13, 2010;28.04
Jan 12, 2010;27.36
Jan 11, 2010;26.75
Jan 08, 2010;27.53
Jan 07, 2010;28.00
Jan 06, 2010;28.41
Jan 05, 2010;27.64
Jan 04, 2010;27.62